<?xml version="1.0" encoding="UTF-8"?>
<assembly
	xmlns="http://maven.apache.org/plugins/maven-assembly-plugin/assembly/1.1.0"
	xmlns:xsi="http://www.w3.org/2001/XMLSchema-instance"
	xsi:schemaLocation="http://maven.apache.org/plugins/maven-assembly-plugin/assembly/1.1.0 http://maven.apache.org/xsd/assembly-1.1.0.xsd">
	<id>bin</id>
	<formats>
		<format>tar.gz</format>
		<!-- <format>zip</format>   -->
	</formats>
	<!--
		all assemblies have the same directory, thus allowing to deploy
		easily. Version is not considered here.
	-->
	<baseDirectory>motu-client-python</baseDirectory>
	<fileSets>
		<fileSet>
			<directory>src/python</directory>
			<outputDirectory>/</outputDirectory>
			<!--
				filtering allows to inject project properties (like version) as python
				constants in the code.
			-->
			<filtered>true</filtered>
			<!-- rwx rwx r-x -->
			<fileMode>0775</fileMode>
			<directoryMode>0775</directoryMode>
            <lineEnding>unix</lineEnding>
            <excludes>
				<!-- excludeany compiled source -->
				<exclude>**/*.pyc</exclude>
                                <exclude>**/*.formatted</exclude>
			</excludes>	
		</fileSet>
		<fileSet>
			<directory>src/doc</directory>
			<outputDirectory>/doc</outputDirectory>
			<excludes>
				<!-- exclude the source of the doc (included only in the source assembly) -->
				<exclude>*.t2t</exclude>
			</excludes>	
			<!-- rwx rwx r-x -->
			<fileMode>0664</fileMode>
			<directoryMode>0775</directoryMode>
		</fileSet>
	</fileSets>
	<files>
		<file>
			<source>NOTICE</source>
			<outputDirectory>/</outputDirectory>
			<fileMode>0664</fileMode>
			<filtered>true</filtered>
		</file>
		<file>
			<source>LICENSE</source>
			<outputDirectory>/</outputDirectory>
			<fileMode>0664</fileMode>
			<filtered>false</filtered>
		</file>
	</files>
</assembly>
